{
    "harddice": 0.7651463150978088,
    "mse": 0.003376280888915062
}